{"_wandb":{"runtime":114},"_runtime":114,"_step":4,"round":5,"val_acc":2.04,"avg_task_vector_norm":0.0012616353847797175,"_timestamp":1.767178222744999e+09}