{"val_acc":1.58,"avg_task_vector_norm":0.0014923373543608346,"_timestamp":1.767177466884342e+09,"_runtime":117,"_wandb":{"runtime":117},"_step":4,"round":5}