{"avg_task_vector_norm":0.007824646260001157,"_timestamp":1.7671784337226727e+09,"_step":4,"round":5,"_wandb":{"runtime":29},"_runtime":29,"val_acc":0.86}