{"round":5,"val_acc":22.86,"avg_task_vector_norm":0.018788922725147324,"_timestamp":1.7671789484323275e+09,"_wandb":{"runtime":102},"_runtime":102,"_step":4}